"Name";"Status";"Manufacturer";"Serial number";"Type";"Model";"Operating system";"Location";"Last update";"Processor";"IP";
"assetmgmt";"";"VMware, Inc.";"VMware-42 0b c4 03 0c ec 3c d1-1b e6 1b 23 63 e7 a6 e6";"";"VMware Virtual Platform";"Ubuntu 12.04.5 LTS";"57";"2018-09-24 07:55";"Intel(R) Xeon(R) CPU X5650 @ 2.67GHz";"10.30.1.54";
"HTVISTAVHD";"";"Microsoft Corporation";"2502-6528-4624-7335-6218-9541-02";"Desktop";"Virtual Machine";"Microsoft® Windows Vista™ Business";"303";"2016-09-16 15:20";"Intel(R) Xeon(R) CPU E5620 @ 2.40GHz [1 core(s) x64]";"192.168.1.97";
"HTBP22WQ1";"";"Dell Inc.";"BP22WQ1";"Tower";"Precision WorkStation T5500";"Microsoft Windows XP Professional x64 Edition";"114";"2016-09-16 15:20";"Intel(R) Xeon(R) CPU E5606 @ 2.13GHz [1 core(s) x64]";"10.19.1.86";
"HTSGH7380LNQ";"";"Hewlett-Packard";"SGH7380LND";"Mini Tower";"HP xw6400 Workstation";"Microsoft Windows XP Professional";"115";"2016-09-16 15:20";"Intel(R) Xeon(R) CPU 5130 @ 2.00GHz [2 core(s) x86]";"10.19.1.89";
"HV_NESTLEFR";"";"Microsoft Corporation";"3619-5259-3711-8937-6648-9810-02";"Desktop";"Virtual Machine";"Microsoft Windows XP Professional";"298";"2016-09-16 15:20";"Intel(R) Xeon(R) CPU X5650 @ 2.67GHz [1 core(s) x86]";"192.168.1.81
0.0.0.0";
"HTSRV-EPO";"";"Microsoft Corporation";"0740-6273-0970-8904-2641-4173-51";"Desktop";"Virtual Machine";"Microsoft Windows Server 2012 Standard";"315";"2016-09-16 15:20";"Intel(R) Xeon(R) CPU E5606 @ 2.13GHz [1 core(s) x64]";"10.10.1.56";
"HTSRV-33X68R1";"";"Dell Inc.";"33X68R1";"Rack Mount Chassis";"PowerEdge R710";"Microsoft Windows Server 2012 R2 Datacenter";"294";"2016-09-16 15:20";"Intel(R) Xeon(R) CPU X5650 @ 2.67GHz [6 core(s) x64]";"192.168.1.70
0.0.0.0
192.168.1.73
0.0.0.0
0.0.0.0
0.0.0.0
192.168.1.72";
"HTSRV-4BBC6BS";"";"Dell Inc.";"4BBC6BS";"Rack Mount Chassis";"PowerEdge R710";"Microsoft Windows Server 2012 R2 Datacenter";"300";"2016-09-16 15:20";"Intel(R) Xeon(R) CPU E5620 @ 2.40GHz [4 core(s) x64]";"0.0.0.0
0.0.0.0
0.0.0.0
192.168.1.91";
"HTSRV-SYSCENT";"";"Dell Inc.";"5N13WQ1";"Tower";"Precision WorkStation T5500";"Microsoft Windows Server 2008 R2 Standard";"60";"2016-09-16 15:20";"Intel(R) Xeon(R) CPU E5606 @ 2.13GHz [4 core(s) x64]";"192.168.231.1
169.254.209.209
192.168.153.1";
"HTPRODC";"";"Microsoft Corporation";"7055-5756-8059-0397-7337-3135-59";"Desktop";"Virtual Machine";"Microsoft Windows Server 2008 R2 Standard";"147";"2017-05-16 21:25";"Intel(R) Xeon(R) CPU E5606 @ 2.13GHz [1 core(s) x64]";"10.20.1.6";
"HTADCP";"";"Microsoft Corporation";"5314-7095-2689-7688-8224-6437-76";"Desktop";"Virtual Machine";"Microsoft Windows Server 2008 R2 Standard";"144";"2017-05-21 12:45";"Intel(R) Xeon(R) CPU E5606 @ 2.13GHz [1 core(s) x64]";"10.20.1.4";
"D7B89102";"";"Dell Inc.";"7B89102";"Rack Mount Chassis";"PowerEdge R720";"Microsoft Windows Server 2008 R2 Standard";"148";"2016-09-16 15:20";"Intel(R) Xeon(R) CPU E5-2609 0 @ 2.40GHz [4 core(s) x64]";"10.20.1.7
0.0.0.0
0.0.0.0";
"HT-FMSSENNEGAL";"";"Microsoft Corporation";"5068-8199-3134-2485-7478-9422-78";"Desktop";"Virtual Machine";"Microsoft Windows Server 2008 R2 Standard";"295";"2016-09-16 15:20";"Intel(R) Xeon(R) CPU X5650 @ 2.67GHz [1 core(s) x64]";"192.168.1.77";
"HTRNTBCI";"";"Microsoft Corporation";"6752-5024-3800-2220-7805-1187-73";"Desktop";"Virtual Machine";"Microsoft Windows Server 2008 R2 Standard";"297";"2016-09-16 15:20";"Intel(R) Xeon(R) CPU X5650 @ 2.67GHz [1 core(s) x64]";"192.168.1.78";
"HTSRV-STARLINK";"";"Microsoft Corporation";"3253-4620-4242-3546-5792-3254-14";"Desktop";"Virtual Machine";"Microsoft Windows Server 2008 R2 Standard";"299";"2016-09-16 15:20";"Intel(R) Xeon(R) CPU E5620 @ 2.40GHz [1 core(s) x64]";"192.168.1.92";
"HTSHP13SRV";"";"Microsoft Corporation";"5384-4282-0827-7006-4580-2473-86";"Desktop";"Virtual Machine";"Microsoft Windows Server 2008 R2 Standard";"296";"2016-09-16 15:20";"Intel(R) Xeon(R) CPU X5650 @ 2.67GHz [1 core(s) x64]";"192.168.1.76";
"DSGH3311JC6";"";"HP";"SGH3311JC6";"Rack Mount Chassis";"ProLiant DL380p Gen8";"Microsoft Windows Server 2008 R2 Standard";"384";"2016-09-16 15:20";"Intel(R) Xeon(R) CPU E5-2609 0 @ 2.40GHz [4 core(s) x64]";"0.0.0.0
0.0.0.0
0.0.0.0
10.20.1.3";
"HTADCB";"";"Microsoft Corporation";"5067-8278-6286-3814-4973-3513-07";"Desktop";"Virtual Machine";"Microsoft Windows Server 2008 R2 Enterprise";"141";"2016-09-16 15:20";"Intel(R) Xeon(R) CPU E5606 @ 2.13GHz [1 core(s) x64]";"10.70.1.12";
"DT-PUNE";"";"Dell Inc.";"JX0HVQ1";"Tower";"Precision WorkStation T5500";"Microsoft Windows Server 2008 R2 Enterprise";"143";"2016-09-16 15:20";"Intel(R) Xeon(R) CPU E5606 @ 2.13GHz [4 core(s) x64]";"10.20.1.5";
"HT4PFVTQ1";"";"Dell Inc.";"4PFVTQ1";"Tower";"Precision WorkStation T5500";"Microsoft Windows Server 2008 R2 Enterprise";"140";"2016-09-16 15:20";"Intel(R) Xeon(R) CPU E5606 @ 2.13GHz [4 core(s) x64]";"10.70.1.11";
"HTRODCB";"";"Microsoft Corporation";"1063-8887-1396-9341-9083-4765-11";"Desktop";"Virtual Machine";"Microsoft Windows Server 2008 R2 Enterprise";"142";"2016-09-16 15:20";"Intel(R) Xeon(R) CPU E5606 @ 2.13GHz [1 core(s) x64]";"10.40.1.13";
"DHPHJ8BS";"";"Dell Inc.";"HPHJ8BS";"Rack Mount Chassis";"PowerEdge R910";"Microsoft Windows Server 2008 R2 Enterprise";"291";"2016-09-16 15:20";"Intel(R) Xeon(R) CPU E7520 @ 1.87GHz [4 core(s) x64]";"0.0.0.0
0.0.0.0
0.0.0.0
10.17.1.249";
"DT-SAP-DEMO";"";"Dell Inc.";"DVRF32S";"Rack Mount Chassis";"PowerEdge R610";"Microsoft Windows Server 2008 R2 Enterprise";"293";"2016-09-16 15:20";"Intel(R) Xeon(R) CPU E5530 @ 2.40GHz [4 core(s) x64]";"192.168.1.5
0.0.0.0
0.0.0.0";
"HTORCVHD";"";"Microsoft Corporation";"9633-2933-8627-4202-6707-9009-59";"Desktop";"Virtual Machine";"Microsoft Windows Server 2008 R2 Enterprise";"301";"2016-09-16 15:20";"Intel(R) Xeon(R) CPU E5620 @ 2.40GHz [1 core(s) x64]";"192.168.1.95";
"DT-SAP-EHP1";"";"VMware, Inc.";"VMware-56 4d 51 c3 27 d0 25 c1-96 b1 16 26 b6 7e f7 fd";"Other";"VMware Virtual Platform";"Microsoft Windows Server 2008 R2 Enterprise";"305";"2016-09-16 15:20";"Intel(R) Xeon(R) CPU X5650 @ 2.67GHz [1 core(s) x64]";"192.168.1.211";
"DT-SAP-MDM";"";"VMware, Inc.";"VMware-56 4d 5c bc 38 62 48 0b-cf 35 57 f2 51 7c dd 94";"Other";"VMware Virtual Platform";"Microsoft Windows Server 2008 R2 Enterprise";"307";"2016-09-19 14:20";"Intel(R) Xeon(R) CPU X5650 @ 2.67GHz [1 core(s) x64]";"192.168.1.213";
"DT-SAP-SCM";"";"VMware, Inc.";"VMware-56 4d 39 8e c1 0a a7 13-b4 bf 23 52 fc 4b 87 9e";"Other";"VMware Virtual Platform";"Microsoft Windows Server 2008 R2 Enterprise";"309";"2016-09-16 15:20";"Intel(R) Xeon(R) CPU X5650 @ 2.67GHz [1 core(s) x64]";"192.168.1.215";
"DT-FILEPRNSRV";"";"Dell Inc.";"FVRF32S";"Rack Mount Chassis";"PowerEdge R610";"Microsoft Windows Server 2008 R2 Enterprise";"SKCL Chennai";"2016-09-16 15:20";"Intel(R) Xeon(R) CPU E5530 @ 2.40GHz [4 core(s) x64]";"0.0.0.0
192.168.1.9";
"HTSHPSRV-INTRL";"";"Microsoft Corporation";"8971-7913-3503-9503-2613-5150-67";"Desktop";"Virtual Machine";"Microsoft Windows Server 2008 R2 Enterprise";"304";"2016-09-16 15:20";"Intel(R) Xeon(R) CPU E5620 @ 2.40GHz [1 core(s) x64]";"192.168.1.107";
"DT-SAP-CRM";"";"VMware, Inc.";"VMware-56 4d 04 86 86 3b 95 9b-28 d2 25 f4 02 54 2d ce";"Other";"VMware Virtual Platform";"Microsoft Windows Server 2008 R2 Enterprise";"308";"2016-09-16 15:20";"Intel(R) Xeon(R) CPU X5650 @ 2.67GHz [2 core(s) x64]";"192.168.1.214";
"HTSRVEHP7";"";"VMware, Inc.";"VMware-56 4d b0 06 92 62 db 68-d6 b9 ab af df 0e a2 99";"Other";"VMware Virtual Platform";"Microsoft Windows Server 2008 R2 Enterprise";"310";"2016-09-16 15:20";"Intel(R) Xeon(R) CPU X5650 @ 2.67GHz [1 core(s) x64]";"192.168.1.216";
"HTWEB";"";"VMware, Inc.";"VMware-56 4d dc 68 1f 11 ca 19-dc 9f d6 de 71 41 17 31";"Other";"VMware Virtual Platform";"Microsoft Windows Server 2008 R2 Enterprise";"312";"2016-09-16 15:20";"Intel(R) Xeon(R) CPU X5650 @ 2.67GHz [1 core(s) x64]";"192.168.1.218";
"DBN22WQ1";"";"Dell Inc.";"BN22WQ1";"Tower";"Precision WorkStation T5500";"Microsoft Windows Server 2008 R2 Enterprise";"314";"2016-09-16 15:20";"Intel(R) Xeon(R) CPU E5606 @ 2.13GHz [4 core(s) x64]";"0.0.0.0
10.10.1.30";
"HTIDEAL-SRV";"";"Dell Inc.";"GVRF32S";"Rack Mount Chassis";"PowerEdge R610";"Microsoft Windows Server 2008 R2 Enterprise";"366";"2016-09-16 15:20";"Intel(R) Xeon(R) CPU E5530 @ 2.40GHz [4 core(s) x64]";"0.0.0.0
0.0.0.0
192.168.1.219
0.0.0.0";
"HTRODCB";"";"Microsoft Corporation";"3497-2168-7309-7909-0270-8133-16";"Desktop";"Virtual Machine";"Microsoft Windows Server 2008 R2 Enterprise";"425";"2016-09-29 11:15";"Intel(R) Xeon(R) CPU W3530 @ 2.80GHz [1 core(s) x64]";"10.70.1.9";
"DT-SAP-ECC";"";"VMware, Inc.";"VMware-56 4d 4d 31 d2 ce c9 b7-9e e7 c7 60 7b 9a 30 f0";"Other";"VMware Virtual Platform";"Microsoft Windows Server 2003 R2 Enterprise x64 Edition";"311";"2016-09-16 15:20";"Intel(R) Xeon(R) CPU X5650 @ 2.67GHz [1 core(s) x64]";"192.168.1.217";
"SAP-IDES";"";"VMware, Inc.";"VMware-56 4d f9 e2 46 2e 8a cb-d4 87 10 b7 36 bf 10 99";"Other";"VMware Virtual Platform";"Microsoft Windows Server 2003 R2 Enterprise x64 Edition";"306";"2016-09-16 15:20";"Intel(R) Xeon(R) CPU X5650 @ 2.67GHz [1 core(s) x64]";"192.168.1.212";
"HTCND5290NSB";"";"Hewlett-Packard";"CND5290NSB";"Notebook";"HP 240 G3 Notebook PC";"Microsoft Windows 8.1 Pro";"177";"2016-09-22 11:35";"Intel(R) Core(TM) i5-5200U CPU @ 2.20GHz [2 core(s) x64]";"0.0.0.0
0.0.0.0
0.0.0.0
0.0.0.0
10.21.1.33";
"HT5CB425004P";"";"Hewlett-Packard";"5CB425004P";"Notebook";"HP 240 G2 Notebook PC";"Microsoft Windows 8.1 Pro";"198";"2016-09-16 15:20";"Intel(R) Core(TM) i5-3230M CPU @ 2.60GHz [2 core(s) x64]";"0.0.0.0
0.0.0.0
0.0.0.0
10.21.1.72";
"HTCND5067NHQ";"";"Hewlett-Packard";"CND5067NHQ";"Notebook";"HP ProBook 430 G2";"Microsoft Windows 8.1 Pro";"443";"2017-02-23 11:35";"Intel(R) Core(TM) i5-5200U CPU @ 2.20GHz [2 core(s) x64]";"0.0.0.0
0.0.0.0
10.21.1.236
0.0.0.0
0.0.0.0";
"HTDSDS020768";"";"FUJITSU";"DSDS020768";"Notebook";"CELSIUS H730";"Microsoft Windows 8.1 Pro";"321";"2016-09-16 15:20";"Intel(R) Core(TM) i7-4710MQ CPU @ 2.50GHz [4 core(s) x64]";"10.21.1.18
0.0.0.0
0.0.0.0
0.0.0.0
0.0.0.0";
"HTO4FDOK";"";"Lenovo";"PC04FD0K";"Notebook";"20CLA0EBIG";"Microsoft Windows 8.1 Pro";"331";"2016-09-16 15:20";"Intel(R) Core(TM) i5-5200U CPU @ 2.20GHz [2 core(s) x64]";"0.0.0.0
10.10.1.130
0.0.0.0
0.0.0.0";
"HTCND5208K5Z";"";"Hewlett-Packard";"CND5208K5Z";"Notebook";"HP ProBook 430 G2";"Microsoft Windows 8.1 Pro";"324";"2016-09-16 15:20";"Intel(R) Core(TM) i5-5200U CPU @ 2.20GHz [2 core(s) x64]";"192.168.2.14
0.0.0.0
0.0.0.0
0.0.0.0
0.0.0.0";
"HTD4K777BS";"";"Dell Inc.";"D4K77BS";"Desktop";"OptiPlex 380";"Microsoft Windows 8.1 Enterprise";"316";"2016-09-16 15:20";"Intel(R) Core(TM)2 Duo CPU E7500 @ 2.93GHz [2 core(s) x64]";"192.168.0.9";
"GCL";"";"TOSHIBA";"YB036971Q";"Notebook";"Satellite C640";"Microsoft Windows 8 Pro";"139";"2016-09-16 15:20";"Intel(R) Core(TM) i3 CPU M 370 @ 2.40GHz [2 core(s) x64]";"192.168.137.1
0.0.0.0
0.0.0.0
192.168.0.12";
"HT6NVXBQ1";"";"Dell Inc.";"6NVXBQ1";"Laptop";"Latitude E5410";"Microsoft Windows 8 Pro";"227";"2016-09-16 15:20";"Intel(R) Core(TM) i5 CPU M 580 @ 2.67GHz [2 core(s) x64]";"0.0.0.0
0.0.0.0
10.21.1.210
0.0.0.0
10.21.1.210";
"HTJS0BVQ1";"";"Dell Inc.";"JS0BVQ1";"Laptop";"Latitude E5420";"Microsoft Windows 8 Enterprise";"69";"2016-09-16 15:20";"Intel(R) Core(TM) i5-2520M CPU @ 2.50GHz [2 core(s) x64]";"0.0.0.0
0.0.0.0
0.0.0.0
192.168.0.19";
"HT3HT84BS";"";"Dell Inc.";"3HT84BS";"Desktop";"OptiPlex 360";"Microsoft Windows 7 Professional";"61";"2016-09-16 15:20";"Intel(R) Core(TM)2 Duo CPU E7500 @ 2.93GHz [2 core(s) x64]";"10.18.1.31";
"HT484XVQ1";"";"Dell Inc.";"484XVQ1";"Desktop";"OptiPlex 380";"Microsoft Windows 7 Professional";"63";"2016-09-16 15:20";"Intel(R) Core(TM)2 Duo CPU E7500 @ 2.93GHz [2 core(s) x64]";"10.18.1.33";
"HT484JWQ1";"";"Dell Inc.";"484JWQ1";"Desktop";"OptiPlex 380";"Microsoft Windows 7 Professional";"65";"2016-09-16 15:20";"Intel(R) Core(TM)2 Duo CPU E7500 @ 2.93GHz [2 core(s) x64]";"10.18.1.37";
"HT70J1CQ1";"";"Dell Inc.";"70J1CQ1";"Desktop";"OptiPlex 380";"Microsoft Windows 7 Professional";"67";"2016-09-16 15:20";"Intel(R) Core(TM)2 Duo CPU E7500 @ 2.93GHz [2 core(s) x64]";"10.18.1.40";
"HTJSXJ4BS";"";"Dell Inc.";"JSXJ4BS";"Desktop";"OptiPlex 360";"Microsoft Windows 7 Professional";"62";"2016-09-16 15:20";"Intel(R) Core(TM)2 Duo CPU E7500 @ 2.93GHz [2 core(s) x64]";"10.18.1.32";
"HT484RWQ1";"";"Dell Inc.";"484RWQ1";"Desktop";"OptiPlex 380";"Microsoft Windows 7 Professional";"64";"2016-09-16 15:20";"Intel(R) Core(TM)2 Duo CPU E7500 @ 2.93GHz [2 core(s) x64]";"10.18.1.34";
"HT3BCK5BS";"";"Dell Inc.";"3BCK5BS";"Desktop";"OptiPlex 380";"Microsoft Windows 7 Professional";"71";"2017-04-12 19:10";"Intel(R) Core(TM)2 Duo CPU E7500 @ 2.93GHz [2 core(s) x64]";"10.18.1.105";
"HT9L6L7R1";"";"Dell Inc.";"9L6L7R1";"Desktop";"OptiPlex 390";"Microsoft Windows 7 Professional";"66";"2016-09-16 15:20";"Intel(R) Core(TM) i3-2120 CPU @ 3.30GHz [2 core(s) x64]";"10.18.1.38";
"HT484TWQ1";"";"Dell Inc.";"484TWQ1";"Desktop";"OptiPlex 380";"Microsoft Windows 7 Professional";"73";"2016-09-21 16:50";"Intel(R) Core(TM)2 Duo CPU E7500 @ 2.93GHz [2 core(s) x64]";"0.0.0.0
0.0.0.0
10.18.1.57";
"HT1HT84BS";"";"Dell Inc.";"1HT84BS";"Desktop";"OptiPlex 360";"Microsoft Windows 7 Professional";"68";"2016-09-16 15:20";"Intel(R) Core(TM)2 Duo CPU E7500 @ 2.93GHz [2 core(s) x64]";"10.18.1.47";
"HT1YV3CQ1";"";"Dell Inc.";"1YV3CQ1";"Desktop";"OptiPlex 380";"Microsoft Windows 7 Professional";"75";"2016-09-16 15:20";"Intel(R) Core(TM)2 Duo CPU E7500 @ 2.93GHz [2 core(s) x64]";"10.10.1.57";
"HT1YW2CQ1";"";"Dell Inc.";"1YW2CQ1";"Desktop";"OptiPlex 380";"Microsoft Windows 7 Professional";"70";"2016-09-16 15:20";"Intel(R) Core(TM)2 Duo CPU E7500 @ 2.93GHz [2 core(s) x64]";"10.18.1.81";
"HT70Q5CQ1";"";"Dell Inc.";"70Q5CQ1";"Desktop";"OptiPlex 380";"Microsoft Windows 7 Professional";"77";"2016-09-16 15:20";"Intel(R) Core(TM)2 Duo CPU E7500 @ 2.93GHz [2 core(s) x64]";"10.18.1.74";
"HTJD7L7R1";"";"Dell Inc.";"JD7L7R1";"Desktop";"OptiPlex 390";"Microsoft Windows 7 Professional";"74";"2016-09-16 15:20";"Intel(R) Core(TM) i3-2120 CPU @ 3.30GHz [2 core(s) x64]";"10.18.1.78";
"HT8YFQ4BS";"";"Dell Inc.";"8YFQ4BS";"Desktop";"OptiPlex 360";"Microsoft Windows 7 Professional";"79";"2016-09-16 15:20";"Intel(R) Core(TM)2 Duo CPU E7500 @ 2.93GHz [2 core(s) x64]";"0.0.0.0
10.18.1.77";
"HTG9R75BS";"";"Dell Inc.";"G9R75BS";"Desktop";"OptiPlex 380";"Microsoft Windows 7 Professional";"76";"2016-09-16 15:20";"Intel(R) Core(TM)2 Duo CPU E7500 @ 2.93GHz [2 core(s) x64]";"0.0.0.0
10.18.1.69";
"HTFSXJ4BS";"";"Dell Inc.";"FSXJ4BS";"Desktop";"OptiPlex 360";"Microsoft Windows 7 Professional";"81";"2016-09-16 15:20";"Intel(R) Core(TM)2 Duo CPU E7500 @ 2.93GHz [2 core(s) x64]";"192.168.56.1
10.18.1.79";
"HT70L1CQ1";"";"Dell Inc.";"70L1CQ1";"Desktop";"OptiPlex 380";"Microsoft Windows 7 Professional";"78";"2016-09-16 15:20";"Intel(R) Core(TM)2 Duo CPU E7500 @ 2.93GHz [2 core(s) x64]";"10.18.1.75";
"HT75B36BS";"";"Dell Inc.";"75B36BS";"Desktop";"OptiPlex 380";"Microsoft Windows 7 Professional";"83";"2016-09-16 15:20";"Intel(R) Core(TM)2 Duo CPU E7500 @ 2.93GHz [2 core(s) x64]";"10.18.1.83";
"HT6YFQ4BS";"";"Dell Inc.";"6YFQ4BS";"Desktop";"OptiPlex 360";"Microsoft Windows 7 Professional";"80";"2016-09-16 15:20";"Intel(R) Core(TM)2 Duo CPU E7500 @ 2.93GHz [2 core(s) x64]";"0.0.0.0
10.18.1.78";
"HT55N77BS";"";"Dell Inc.";"93VN6BS";"Laptop";"Latitude E5410";"Microsoft Windows 7 Professional";"85";"2017-09-12 11:20";"Intel(R) Core(TM) i3 CPU M 350 @ 2.27GHz [2 core(s) x64]";"0.0.0.0
10.21.1.30";
"HT6G4X6BS";"";"Dell Inc.";"6G4X6BS";"Desktop";"OptiPlex 380";"Microsoft Windows 7 Professional";"82";"2016-09-16 15:20";"Intel(R) Core(TM)2 Duo CPU E7500 @ 2.93GHz [2 core(s) x64]";"10.18.1.82";
"HT484WVQ1";"";"Dell Inc.";"484WVQ1";"Desktop";"OptiPlex 380";"Microsoft Windows 7 Professional";"87";"2016-09-16 15:20";"Intel(R) Core(TM)2 Duo CPU E7500 @ 2.93GHz [2 core(s) x64]";"10.18.1.105";
"HT1YTZBQ1";"";"Dell Inc.";"1YTZBQ1";"Desktop";"OptiPlex 380";"Microsoft Windows 7 Professional";"84";"2016-09-16 15:20";"Intel(R) Core(TM)2 Duo CPU E7500 @ 2.93GHz [2 core(s) x64]";"10.18.1.85";
"HT484KWQ1";"";"Dell Inc.";"484KWQ1";"Desktop";"OptiPlex 380";"Microsoft Windows 7 Professional";"89";"2016-09-16 15:20";"Intel(R) Core(TM)2 Duo CPU E7500 @ 2.93GHz [2 core(s) x64]";"0.0.0.0
10.18.1.117";
"HTD9CK5BS";"";"Dell Inc.";"D9CK5BS";"Desktop";"OptiPlex 380";"Microsoft Windows 7 Professional";"86";"2017-02-01 17:15";"Intel(R) Core(TM)2 Duo CPU E7500 @ 2.93GHz [2 core(s) x64]";"10.18.1.104";
"HTFNXR7BS";"";"Dell Inc.";"FNXR7BS";"Desktop";"OptiPlex 380";"Microsoft Windows 7 Professional";"91";"2016-09-16 15:20";"Intel(R) Core(TM)2 Duo CPU E7500 @ 2.93GHz [2 core(s) x64]";"10.18.1.149
10.11.103.66";
"HT70NYBQ1";"";"Dell Inc.";"70NYBQ1";"Desktop";"OptiPlex 380";"Microsoft Windows 7 Professional";"88";"2016-09-16 15:20";"Intel(R) Core(TM)2 Duo CPU E7500 @ 2.93GHz [2 core(s) x64]";"10.18.1.114
0.0.0.0";
"HT6BR75BS";"";"Dell Inc.";"6BR75BS";"Desktop";"OptiPlex 380";"Microsoft Windows 7 Professional";"93";"2017-01-04 15:25";"Intel(R) Core(TM)2 Duo CPU E7500 @ 2.93GHz [2 core(s) x64]";"10.18.1.190";
"HT54JN5BS";"";"Dell Inc.";"54JN5BS";"Desktop";"OptiPlex 380";"Microsoft Windows 7 Professional";"90";"2016-09-16 15:20";"Intel(R) Core(TM)2 Duo CPU E7500 @ 2.93GHz [2 core(s) x64]";"10.18.1.145";
"HT4YFQ4BS";"";"Dell Inc.";"4YFQ4BS";"Desktop";"OptiPlex 360";"Microsoft Windows 7 Professional";"97";"2018-09-06 17:25";"Intel(R) Core(TM)2 Duo CPU E7500 @ 2.93GHz [2 core(s) x64]";"10.18.1.214";
"HTH51XLV1";"";"Dell Inc.";"H51XLV1";"Desktop";"OptiPlex 390";"Microsoft Windows 7 Professional";"92";"2016-09-16 15:20";"Intel(R) Core(TM) i3-2120 CPU @ 3.30GHz [2 core(s) x64]";"0.0.0.0
10.18.1.157";
"HT2BR75BS";"";"Dell Inc.";"2BR75BS";"Desktop";"OptiPlex 380";"Microsoft Windows 7 Professional";"99";"2016-09-16 15:20";"Intel(R) Core(TM)2 Duo CPU E7500 @ 2.93GHz [2 core(s) x64]";"10.18.1.45";
"HT99R75BS";"";"Dell Inc.";"99R75BS";"Desktop";"OptiPlex 380";"Microsoft Windows 7 Professional";"94";"2016-09-16 15:20";"Intel(R) Core(TM)2 Duo CPU E7500 @ 2.93GHz [2 core(s) x64]";"10.18.1.191";
"HTBZ6L7R1";"";"Dell Inc.";"BZ6L7R1";"Desktop";"OptiPlex 390";"Microsoft Windows 7 Professional";"101";"2016-09-16 15:20";"Intel(R) Core(TM) i3-2120 CPU @ 3.30GHz [2 core(s) x64]";"0.0.0.0
10.18.1.60";
"HTF9R75BS";"";"Dell Inc.";"F9R75BS";"Desktop";"OptiPlex 380";"Microsoft Windows 7 Professional";"98";"2016-09-16 15:20";"Intel(R) Core(TM)2 Duo CPU E7500 @ 2.93GHz [2 core(s) x64]";"10.18.1.43";
"HTDG4X6BS";"";"Dell Inc.";"DG4X6BS";"Desktop";"OptiPlex 380";"Microsoft Windows 7 Professional";"103";"2016-09-16 15:20";"Intel(R) Core(TM)2 Duo CPU E7500 @ 2.93GHz [2 core(s) x64]";"10.200.98.173
0.0.0.0
10.18.1.66";
"HTCG4X6BS";"";"Dell Inc.";"CG4X6BS";"Desktop";"OptiPlex 380";"Microsoft Windows 7 Professional";"100";"2016-09-16 15:20";"Intel(R) Core(TM)2 Duo CPU E7500 @ 2.93GHz [2 core(s) x64]";"10.18.1.48";
"HTC9CK5BS";"";"Dell Inc.";"C9CK5BS";"Desktop";"OptiPlex 380";"Microsoft Windows 7 Professional";"105";"2016-09-16 15:20";"Intel(R) Core(TM)2 Duo CPU E7500 @ 2.93GHz [2 core(s) x64]";"10.18.1.76";
"HT1130CQ1";"";"Dell Inc.";"CSXJ4BS";"Desktop";"OptiPlex 360";"Microsoft Windows 7 Professional";"102";"2016-09-16 15:20";"Intel(R) Core(TM)2 Duo CPU E7500 @ 2.93GHz [2 core(s) x64]";"10.18.1.70";
"HT79R75BS";"";"Dell Inc.";"79R75BS";"Desktop";"OptiPlex 380";"Microsoft Windows 7 Professional";"109";"2017-05-15 12:45";"Intel(R) Core(TM)2 Duo CPU E7500 @ 2.93GHz [2 core(s) x64]";"10.18.1.113";
"HTC4K77BS";"";"Dell Inc.";"C4K77BS";"Desktop";"OptiPlex 380";"Microsoft Windows 7 Professional";"104";"2016-09-16 15:20";"Intel(R) Core(TM)2 Duo CPU E7500 @ 2.93GHz [2 core(s) x64]";"10.18.1.71";
"HTHC7L7R1";"";"Dell Inc.";"HC7L7R1";"Desktop";"OptiPlex 390";"Microsoft Windows 7 Professional";"111";"2016-09-16 15:20";"Intel(R) Core(TM) i3-2120 CPU @ 3.30GHz [2 core(s) x64]";"10.18.1.197";
"HT9BCK5BS";"";"Dell Inc.";"9BCK5BS";"Desktop";"OptiPlex 380";"Microsoft Windows 7 Professional";"106";"2017-01-14 04:45";"Intel(R) Core(TM)2 Duo CPU E7500 @ 2.93GHz [1 core(s) x64]";"10.18.1.91";
"HT4JRH8BS";"";"Dell Inc.";"4JRH8BS";"Tower";"Precision WorkStation T3500";"Microsoft Windows 7 Professional";"113";"2016-09-16 15:20";"Intel(R) Xeon(R) CPU W3530 @ 2.80GHz [4 core(s) x64]";"10.19.1.81";
"HTBGT84BS";"";"Dell Inc.";"BGT84BS";"Desktop";"OptiPlex 360";"Microsoft Windows 7 Professional";"108";"2016-09-16 15:20";"Intel(R) Core(TM)2 Duo CPU E7500 @ 2.93GHz [2 core(s) x64]";"10.10.1.136";
"HT70W5CQ1";"";"Dell Inc.";"70W5CQ1";"Desktop";"OptiPlex 380";"Microsoft Windows 7 Professional";"110";"2016-09-16 15:20";"Intel(R) Core(TM)2 Duo CPU E7500 @ 2.93GHz [2 core(s) x64]";"10.19.1.58";
"HT80S5VQ1";"";"Dell Inc.";"80S5VQ1";"Tower";"Precision WorkStation T3500";"Microsoft Windows 7 Professional";"117";"2017-04-10 16:10";"Intel(R) Xeon(R) CPU W3530 @ 2.80GHz [4 core(s) x64]";"10.19.1.96";
"HTDP13WQ1";"";"Dell Inc.";"DP13WQ1";"Tower";"Precision WorkStation T5500";"Microsoft Windows 7 Professional";"442";"2017-05-15 17:05";"Intel(R) Xeon(R) CPU E5606 @ 2.13GHz [4 core(s) x64]";"10.19.1.77";
"HT1YW3CQ1";"";"Dell Inc.";"1YW3CQ1";"Desktop";"OptiPlex 380";"Microsoft Windows 7 Professional";"119";"2016-09-16 15:20";"Intel(R) Core(TM)2 Duo CPU E7500 @ 2.93GHz [2 core(s) x64]";"10.19.1.102";
"HTGYR5VQ1";"";"Dell Inc.";"GYR5VQ1";"Tower";"Precision WorkStation T3500";"Microsoft Windows 7 Professional";"121";"2016-09-16 15:20";"Intel(R) Xeon(R) CPU W3530 @ 2.80GHz [4 core(s) x64]";"10.19.1.122";
"HT2TXJ4BS";"";"Dell Inc.";"2TXJ4BS";"Desktop";"OptiPlex 360";"Microsoft Windows 7 Professional";"485";"2017-08-11 12:55";"Intel(R) Core(TM)2 Duo CPU E7500 @ 2.93GHz [2 core(s) x64]";"10.19.1.92";
"HTH9R75BS";"";"Dell Inc.";"H9R75BS";"Desktop";"OptiPlex 380";"Microsoft Windows 7 Professional";"123";"2016-09-16 15:20";"Intel(R) Core(TM)2 Duo CPU E7500 @ 2.93GHz [2 core(s) x64]";"10.18.1.73";
"HT70N3CQ1";"";"Dell Inc.";"70N3CQ1";"Desktop";"OptiPlex 380";"Microsoft Windows 7 Professional";"118";"2016-09-16 15:20";"Intel(R) Core(TM)2 Duo CPU E7500 @ 2.93GHz [2 core(s) x64]";"10.19.1.103";
"HTBG4X6BS";"";"Dell Inc.";"BG4X6BS";"Desktop";"OptiPlex 380";"Microsoft Windows 7 Professional";"125";"2016-09-16 15:20";"Intel(R) Core(TM)2 Duo CPU E7500 @ 2.93GHz [2 core(s) x64]";"10.21.1.17";
"HTJN81CQ1";"";"Dell Inc.";"JN81CQ1";"Tower";"Precision WorkStation T5500";"Microsoft Windows 7 Professional";"120";"2017-04-04 14:20";"Intel(R) Xeon(R) CPU E5606 @ 2.13GHz [4 core(s) x64]";"10.19.1.114
0.0.0.0";
"HTH9CK5BS";"";"Dell Inc.";"H9CK5BS";"Desktop";"OptiPlex 380";"Microsoft Windows 7 Professional";"127";"2016-09-22 17:30";"Intel(R) Core(TM)2 Duo CPU E7500 @ 2.93GHz [2 core(s) x64]";"10.21.1.20";
"HT5NXR7BS";"";"Dell Inc.";"5NXR7BS";"Desktop";"OptiPlex 380";"Microsoft Windows 7 Professional";"122";"2017-07-21 19:15";"Intel(R) Core(TM)2 Duo CPU E7500 @ 2.93GHz [2 core(s) x64]";"10.19.1.123";
"HT75N77BS";"";"Dell Inc.";"75N77BS";"Laptop";"Latitude E5410";"Microsoft Windows 7 Professional";"133";"2016-09-16 15:20";"Intel(R) Core(TM) i3 CPU M 370 @ 2.40GHz [2 core(s) x64]";"0.0.0.0
10.21.1.12";
"HT70P0CQ1";"";"Dell Inc.";"70P0CQ1";"Desktop";"OptiPlex 380";"Microsoft Windows 7 Professional";"124";"2016-09-16 15:20";"Intel(R) Core(TM)2 Duo CPU E7500 @ 2.93GHz [2 core(s) x64]";"10.21.1.11";
"HT94FC8BS";"";"Dell Inc.";"94FC8BS";"Desktop";"OptiPlex 380";"Microsoft Windows 7 Professional";"135";"2016-09-16 15:20";"Intel(R) Core(TM)2 Duo CPU E7500 @ 2.93GHz [2 core(s) x64]";"10.19.1.106";
"HT5HT84BS";"";"Dell Inc.";"5HT84BS";"Desktop";"OptiPlex 360";"Microsoft Windows 7 Professional";"126";"2016-09-16 15:20";"Intel(R) Core(TM)2 Duo CPU E7500 @ 2.93GHz [2 core(s) x64]";"0.0.0.0
10.21.1.16";
"HTHM22WQ1";"";"Dell Inc.";"8FFVTQ1";"Tower";"Precision WorkStation T5500";"Microsoft Windows 7 Professional";"128";"2016-09-16 15:20";"Intel(R) Xeon(R) CPU E5606 @ 2.13GHz [4 core(s) x64]";"10.21.1.22";
"HTYLNK012512";"";"FUJITSU";"YLNK012512";"Tower";"CELSIUS M730";"Microsoft Windows 7 Professional";"130";"2016-09-16 15:20";"Intel(R) Xeon(R) CPU E5-2609 v2 @ 2.50GHz [4 core(s) x64]";"10.19.1.84";
"HT3JRH8BS";"";"Dell Inc.";"3JRH8BS";"Tower";"Precision WorkStation T3500";"Microsoft Windows 7 Professional";"132";"2016-09-16 15:20";"Intel(R) Xeon(R) CPU W3530 @ 2.80GHz [4 core(s) x64]";"10.19.1.91";
"HTHZR5VQ1";"";"Dell Inc.";"HZR5VQ1";"Tower";"Precision WorkStation T3500";"Microsoft Windows 7 Professional";"134";"2016-09-16 15:20";"Intel(R) Xeon(R) CPU W3530 @ 2.80GHz [4 core(s) x64]";"10.21.1.19";
"HTCCTV-PUNE";"";"Microsoft Corporation";"2150-5061-3645-8465-7518-4851-18";"Desktop";"Virtual Machine";"Microsoft Windows 7 Professional";"149";"2017-05-25 05:50";"Intel(R) Xeon(R) CPU E5606 @ 2.13GHz [1 core(s) x64]";"10.20.1.30";
"HT6P22WQ1";"";"Dell Inc.";"6P22WQ1";"Tower";"Precision WorkStation T5500";"Microsoft Windows 7 Professional";"136";"2016-09-16 15:20";"Intel(R) Xeon(R) CPU E5606 @ 2.13GHz [4 core(s) x64]";"0.0.0.0
10.19.1.116";
"HTHQ6F8R1";"";"Dell Inc.";"HQ6F8R1";"Desktop";"OptiPlex 390";"Microsoft Windows 7 Professional";"151";"2016-09-16 15:20";"Intel(R) Core(TM) i3-2120 CPU @ 3.30GHz [2 core(s) x64]";"10.20.1.32";
"HT70R2CQ1";"";"Dell Inc.";"70R2CQ1";"Desktop";"OptiPlex 380";"Microsoft Windows 7 Professional";"138";"2016-11-16 10:35";"Intel(R) Core(TM)2 Duo CPU E7500 @ 2.93GHz [2 core(s) x64]";"10.19.1.121";
"HT1YVXBQ1";"";"Dell Inc.";"1YVXBQ1";"Desktop";"OptiPlex 380";"Microsoft Windows 7 Professional";"155";"2016-09-16 15:20";"Intel(R) Core(TM)2 Duo CPU E7500 @ 2.93GHz [2 core(s) x64]";"192.168.56.1
10.20.1.37";
"HT1YV5CQ1";"";"Dell Inc.";"1YV5CQ1";"Desktop";"OptiPlex 380";"Microsoft Windows 7 Professional";"157";"2016-09-16 15:20";"Intel(R) Core(TM)2 Duo CPU E7500 @ 2.93GHz [2 core(s) x64]";"0.0.0.0
192.168.56.1
10.20.1.38";
"HT1YV4CQ1";"";"Dell Inc.";"1YV4CQ1";"Desktop";"OptiPlex 380";"Microsoft Windows 7 Professional";"159";"2016-09-16 15:20";"Intel(R) Core(TM)2 Duo CPU E7500 @ 2.93GHz [2 core(s) x64]";"10.20.1.42";
"HT9DZHVQ1";"";"Dell Inc.";"9DZHVQ1";"Tower";"Precision WorkStation T5500";"Microsoft Windows 7 Professional";"161";"2016-09-16 15:20";"Intel(R) Xeon(R) CPU E5606 @ 2.13GHz [4 core(s) x64]";"10.20.1.56";
"HT3YBD8R1";"";"Dell Inc.";"3YBD8R1";"Laptop";"Latitude E5420";"Microsoft Windows 7 Professional";"146";"2016-09-16 15:20";"Intel(R) Core(TM) i5-2520M CPU @ 2.50GHz [2 core(s) x64]";"0.0.0.0
0.0.0.0
0.0.0.0
0.0.0.0
10.20.1.11";
"HT5G2FVQ1";"";"Dell Inc.";"5G2FVQ1";"Tower";"Precision WorkStation T5500";"Microsoft Windows 7 Professional";"163";"2016-09-16 15:20";"Intel(R) Xeon(R) CPU E5606 @ 2.13GHz [4 core(s) x64]";"10.20.1.58";
"HT3YB58R1";"";"Dell Inc.";"3YB58R1";"Laptop";"Latitude E5420";"Microsoft Windows 7 Professional";"165";"2016-09-16 15:20";"Intel(R) Core(TM) i5-2520M CPU @ 2.50GHz [2 core(s) x64]";"0.0.0.0
172.30.70.184
10.20.1.28";
"HTC07F8R1";"";"Dell Inc.";"C07F8R1";"Desktop";"OptiPlex 390";"Microsoft Windows 7 Professional";"150";"2016-09-16 15:20";"Intel(R) Core(TM) i3-2120 CPU @ 3.30GHz [2 core(s) x64]";"192.168.56.1
10.20.1.31";
"HTDG2FVQ1";"";"Dell Inc.";"DG2FVQ1";"Tower";"Precision WorkStation T5500";"Microsoft Windows 7 Professional";"167";"2017-03-10 14:50";"Intel(R) Xeon(R) CPU E5606 @ 2.13GHz [4 core(s) x64]";"10.20.1.64";
"HTDGW6F8R1";"";"Dell Inc.";"GW6F8R1";"Desktop";"OptiPlex 390";"Microsoft Windows 7 Professional";"152";"2016-09-16 15:20";"Intel(R) Core(TM) i3-2120 CPU @ 3.30GHz [2 core(s) x64]";"192.168.56.1
10.20.1.33";
"HT9P13WQ1";"";"Dell Inc.";"9P13WQ1";"Tower";"Precision WorkStation T5500";"Microsoft Windows 7 Professional";"169";"2016-09-16 15:20";"Intel(R) Xeon(R) CPU E5606 @ 2.13GHz [4 core(s) x64]";"10.20.1.68";
"HT9T6F8R1";"";"Dell Inc.";"9T6F8R1";"Desktop";"OptiPlex 390";"Microsoft Windows 7 Professional";"154";"2016-09-16 15:20";"Intel(R) Core(TM) i3-2120 CPU @ 3.30GHz [2 core(s) x64]";"169.254.97.16
10.20.1.35";
"HT3C487BS";"";"Dell Inc.";"3C487BS";"Tower";"Precision WorkStation T3500";"Microsoft Windows 7 Professional";"173";"2016-09-16 15:20";"Intel(R) Xeon(R) CPU W3530 @ 2.80GHz [4 core(s) x64]";"10.20.1.81";
"HT1YVZBQ1";"";"Dell Inc.";"1YVZBQ1";"Desktop";"OptiPlex 380";"Microsoft Windows 7 Professional";"156";"2016-09-16 15:20";"Intel(R) Core(TM)2 Duo CPU E7500 @ 2.93GHz [2 core(s) x64]";"10.20.1.36";
"HTBFRNVQ1";"";"Dell Inc.";"BFRNVQ1";"Tower";"Precision WorkStation T5500";"Microsoft Windows 7 Professional";"175";"2017-04-03 12:40";"Intel(R) Xeon(R) CPU E5606 @ 2.13GHz [4 core(s) x64]";"10.22.1.87";
"HT1YVYBQ1";"";"Dell Inc.";"1YVYBQ1";"Desktop";"OptiPlex 380";"Microsoft Windows 7 Professional";"158";"2016-09-16 15:20";"Intel(R) Core(TM)2 Duo CPU E7500 @ 2.93GHz [2 core(s) x64]";"10.20.1.39";
"HT6XOHVQ1";"";"Dell Inc.";"6X0HVQ1";"Tower";"Precision WorkStation T5500";"Microsoft Windows 7 Professional";"160";"2017-04-13 12:55";"Intel(R) Xeon(R) CPU E5606 @ 2.13GHz [4 core(s) x64]";"10.20.1.52";
"HT70V0CQ1";"";"Dell Inc.";"70V0CQ1";"Desktop";"OptiPlex 380";"Microsoft Windows 7 Professional";"179";"2016-09-16 15:20";"Intel(R) Core(TM)2 Duo CPU E7500 @ 2.93GHz [2 core(s) x64]";"10.21.1.89";
"HTBG2FVQ1";"";"Dell Inc.";"BG2FVQ1";"Tower";"Precision WorkStation T5500";"Microsoft Windows 7 Professional";"162";"2016-09-16 15:20";"Intel(R) Xeon(R) CPU E5606 @ 2.13GHz [4 core(s) x64]";"10.20.1.57";
"HT8TFVTQ1";"";"Dell Inc.";"8TFVTQ1";"Tower";"Precision WorkStation T5500";"Microsoft Windows 7 Professional";"181";"2017-05-15 01:05";"Intel(R) Xeon(R) CPU E5606 @ 2.13GHz [4 core(s) x64]";"10.20.1.152";
"HT8DZHVQ1";"";"Dell Inc.";"8DZHVQ1";"Tower";"Precision WorkStation T5500";"Microsoft Windows 7 Professional";"164";"2017-04-12 15:40";"Intel(R) Xeon(R) CPU E5606 @ 2.13GHz [4 core(s) x64]";"10.20.1.60";
"HTCD2FVQ1";"";"Dell Inc.";"CD2FVQ1";"Tower";"Precision WorkStation T5500";"Microsoft Windows 7 Professional";"183";"2016-11-01 17:10";"Intel(R) Xeon(R) CPU E5606 @ 2.13GHz [4 core(s) x64]";"10.22.1.29";
"HTFFZHVQ1";"";"Dell Inc.";"FFZHVQ1";"Tower";"Precision WorkStation T5500";"Microsoft Windows 7 Professional";"166";"2016-09-16 15:20";"Intel(R) Xeon(R) CPU E5606 @ 2.13GHz [4 core(s) x64]";"10.20.1.61";
"HTBJPLVQ1";"";"Dell Inc.";"BJPLVQ1";"Tower";"Precision WorkStation T5500";"Microsoft Windows 7 Professional";"185";"2016-09-16 15:20";"Intel(R) Xeon(R) CPU E5606 @ 2.13GHz [4 core(s) x64]";"10.20.1.70";
"HT4X0HVQ1";"";"Dell Inc.";"..CN1374014E00C3.";"Tower";"Precision WorkStation T5500";"Microsoft Windows 7 Professional";"168";"2016-09-16 15:20";"Intel(R) Xeon(R) CPU E5606 @ 2.13GHz [4 core(s) x64]";"10.20.1.63";
"HTDJPLVQ1";"";"Dell Inc.";"DJPLVQ1";"Tower";"Precision WorkStation T5500";"Microsoft Windows 7 Professional";"187";"2016-09-16 15:20";"Intel(R) Xeon(R) CPU E5606 @ 2.13GHz [4 core(s) x64]";"10.20.1.76";
"HTF1S5VQ1";"";"Dell Inc.";"F1S5VQ1";"Tower";"Precision WorkStation T3500";"Microsoft Windows 7 Professional";"170";"2017-03-16 13:30";"Intel(R) Xeon(R) CPU W3530 @ 2.80GHz [4 core(s) x64]";"10.20.1.71";
"HTYLNK012513";"";"FUJITSU";"YLNK012513";"Tower";"CELSIUS M730";"Microsoft Windows 7 Professional";"189";"2016-09-16 15:20";"Intel(R) Xeon(R) CPU E5-2609 v2 @ 2.50GHz [4 core(s) x64]";"10.22.1.163";
"HTJN7ZBX1";"";"Dell Inc.";"JN7ZBQ1";"Tower";"Precision WorkStation T5500";"Microsoft Windows 7 Professional";"172";"2016-09-16 15:20";"Intel(R) Xeon(R) CPU E5606 @ 2.13GHz [4 core(s) x64]";"192.168.56.1
10.20.1.75";
"HTHVFVTQ1";"";"Dell Inc.";"HVFVTQ1";"Tower";"Precision WorkStation T5500";"Microsoft Windows 7 Professional";"191";"2016-09-16 15:20";"Intel(R) Xeon(R) CPU E5606 @ 2.13GHz [4 core(s) x64]";"10.20.1.78";
"HTYLNK012518";"";"FUJITSU";"YLNK012518";"Tower";"CELSIUS M730";"Microsoft Windows 7 Professional";"174";"2016-09-16 15:20";"Intel(R) Xeon(R) CPU E5-2609 v2 @ 2.50GHz [4 core(s) x64]";"10.22.1.84";
"HT7P22WQ1";"";"Dell Inc.";"7P22WQ1";"Tower";"Precision WorkStation T5500";"Microsoft Windows 7 Professional";"193";"2016-09-16 15:20";"Intel(R) Xeon(R) CPU E5606 @ 2.13GHz [4 core(s) x64]";"10.22.1.39";
"HT4FFY7BS";"";"Dell Inc.";"4FFY7BS";"Laptop";"Latitude E5410";"Microsoft Windows 7 Professional";"176";"2016-09-16 15:20";"Intel(R) Core(TM) i3 CPU M 370 @ 2.40GHz [2 core(s) x64]";"0.0.0.0
0.0.0.0
10.21.1.16";
"HTRXNE0P3";"";"Lenovo";"R8NE0P3";"Notebook";"41786EQ";"Microsoft Windows 7 Professional";"197";"2016-09-16 15:20";"Intel(R) Core(TM) i5-2410M CPU @ 2.30GHz [2 core(s) x64]";"0.0.0.0
10.21.1.63";
"HT6ZKXLV1";"";"Dell Inc.";"6ZKXLV1";"Portable";"Vostro 3460";"Microsoft Windows 7 Professional";"178";"2017-02-09 14:55";"Intel(R) Core(TM) i5-3210M CPU @ 2.50GHz [2 core(s) x64]";"10.21.1.67
0.0.0.0
0.0.0.0
192.168.1.101";
"HT8ZKXLV1";"";"Dell Inc.";"8ZKXLV1";"Portable";"Vostro 3460";"Microsoft Windows 7 Professional";"438";"2017-05-10 10:30";"Intel(R) Core(TM) i5-3210M CPU @ 2.50GHz [2 core(s) x64]";"10.21.1.60
0.0.0.0
0.0.0.0
0.0.0.0
0.0.0.0";
"HT2HT84BS";"";"Dell Inc.";"2HT84BS";"Desktop";"OptiPlex 360";"Microsoft Windows 7 Professional";"180";"2016-09-16 15:20";"Intel(R) Core(TM)2 Duo CPU E7500 @ 2.93GHz [2 core(s) x64]";"10.21.1.90";
"HT2L5Q7R1";"";"Dell Inc.";"2L5Q7R1";"Laptop";"Latitude E4310";"Microsoft Windows 7 Professional";"205";"2016-09-16 15:20";"Intel(R) Core(TM) i5 CPU M 580 @ 2.67GHz [2 core(s) x64]";"10.21.1.129
0.0.0.0
0.0.0.0
0.0.0.0
0.0.0.0";
"HTYLNK012517";"";"FUJITSU";"YLNK012517";"Tower";"CELSIUS M730";"Microsoft Windows 7 Professional";"182";"2016-09-16 15:20";"Intel(R) Xeon(R) CPU E5-2609 v2 @ 2.50GHz [4 core(s) x64]";"0.0.0.0
10.22.1.24";
"HT484QWQ1";"";"Dell Inc.";"484QWQ1";"Desktop";"OptiPlex 380";"Microsoft Windows 7 Professional";"207";"2016-09-16 15:20";"Intel(R) Core(TM)2 Duo CPU E7500 @ 2.93GHz [2 core(s) x64]";"10.21.1.137";
"HT7JFVTQ1";"";"Dell Inc.";"7JFVTQ1";"Tower";"Precision WorkStation T5500";"Microsoft Windows 7 Professional";"184";"2017-01-03 10:15";"Intel(R) Xeon(R) CPU E5606 @ 2.13GHz [4 core(s) x64]";"10.22.1.33";
"HTHGT84BS";"";"Dell Inc.";"HGT84BS";"Desktop";"OptiPlex 360";"Microsoft Windows 7 Professional";"209";"2017-05-15 12:35";"Intel(R) Core(TM)2 Duo CPU E7500 @ 2.93GHz [2 core(s) x64]";"10.21.1.161";
"HTYLNK012516";"";"FUJITSU";"YLNK012516";"Tower";"CELSIUS M730";"Microsoft Windows 7 Professional";"186";"2016-09-16 15:20";"Intel(R) Xeon(R) CPU E5-2609 v2 @ 2.50GHz [4 core(s) x64]";"10.22.1.37";
"HTR8W2EB";"";"Lenovo";"R8PY74B";"Notebook";"41786EQ";"Microsoft Windows 7 Professional";"213";"2017-05-16 10:20";"Intel(R) Core(TM) i5-2410M CPU @ 2.30GHz [2 core(s) x64]";"0.0.0.0
0.0.0.0
10.21.1.65";
"HTYLNK012515";"";"FUJITSU";"YLNK012515";"Tower";"CELSIUS M730";"Microsoft Windows 7 Professional";"188";"2016-09-16 15:20";"Intel(R) Xeon(R) CPU E5-2609 v2 @ 2.50GHz [4 core(s) x64]";"10.22.1.41";
"HTDBNLVQ1";"";"Dell Inc.";"DBNLVQ1";"Laptop";"Latitude E5420";"Microsoft Windows 7 Professional";"223";"2016-09-16 15:20";"Intel(R) Core(TM) i5-2520M CPU @ 2.50GHz [2 core(s) x64]";"10.21.1.186
0.0.0.0";
"HTHTFVTQ1";"";"Dell Inc.";"HTFVTQ1";"Tower";"Precision WorkStation T5500";"Microsoft Windows 7 Professional";"190";"2016-09-16 15:20";"Intel(R) Xeon(R) CPU E5606 @ 2.13GHz [4 core(s) x64]";"10.22.1.79";
"HT49R75BS";"";"Dell Inc.";"49R75BS";"Desktop";"OptiPlex 380";"Microsoft Windows 7 Professional";"225";"2016-09-16 15:20";"Intel(R) Core(TM)2 Duo CPU E7500 @ 2.93GHz [2 core(s) x64]";"10.21.1.131";
"HT7GP71Q1";"";"Dell Inc.";"7GP71Q1";"Laptop";"Latitude E5410";"Microsoft Windows 7 Professional";"200";"2016-09-16 15:20";"Intel(R) Core(TM) i5 CPU M 580 @ 2.67GHz [2 core(s) x64]";"0.0.0.0
0.0.0.0
10.10.1.93";
"D69R75BS";"";"Dell Inc.";"69R75BS";"Desktop";"OptiPlex 380";"Microsoft Windows 7 Professional";"229";"2016-09-21 16:46";"Intel(R) Core(TM)2 Duo CPU E7500 @ 2.93GHz [2 core(s) x64]";"10.21.1.214";
"HT1YV2CQ1";"";"Dell Inc.";"1YV2CQ1";"Desktop";"OptiPlex 380";"Microsoft Windows 7 Professional";"202";"2016-09-16 15:20";"Intel(R) Core(TM)2 Duo CPU E7500 @ 2.93GHz [2 core(s) x64]";"10.21.1.117";
"HTBR7L7R1";"";"Dell Inc.";"BR7L7R1";"Desktop";"OptiPlex 390";"Microsoft Windows 7 Professional";"231";"2016-09-16 15:20";"Intel(R) Core(TM) i3-2120 CPU @ 3.30GHz [2 core(s) x64]";"10.21.1.218";
"HTHT576BS";"";"Dell Inc.";"HT576BS";"Laptop";"Latitude E5410";"Microsoft Windows 7 Professional";"204";"2017-05-03 14:05";"Intel(R) Core(TM) i3 CPU M 350 @ 2.27GHz [2 core(s) x64]";"0.0.0.0
10.21.1.126";
"HTBS0BVQ1";"";"Dell Inc.";"BS0BVQ1";"Laptop";"Latitude E5420";"Microsoft Windows 7 Professional";"235";"2016-09-16 15:20";"Intel(R) Core(TM) i5-2520M CPU @ 2.50GHz [2 core(s) x64]";"0.0.0.0
0.0.0.0
0.0.0.0
0.0.0.0
10.21.1.84";
"HT-DYKXLV1";"";"Dell Inc.";"DYKXLV1";"Portable";"Vostro 3460";"Microsoft Windows 7 Professional";"206";"2017-03-30 14:35";"Intel(R) Core(TM) i5-3210M CPU @ 2.50GHz [2 core(s) x64]";"10.21.1.230
0.0.0.0
0.0.0.0
0.0.0.0";
"HT4HT84BS";"";"Dell Inc.";"4HT84BS";"Desktop";"OptiPlex 360";"Microsoft Windows 7 Professional";"237";"2016-09-16 15:20";"Intel(R) Core(TM)2 Duo CPU E7500 @ 2.93GHz [2 core(s) x64]";"10.21.1.237";
"HT70V5CQ1";"";"Dell Inc.";"70V5CQ1";"Desktop";"OptiPlex 380";"Microsoft Windows 7 Professional";"208";"2016-09-16 15:20";"Intel(R) Core(TM)2 Duo CPU E7500 @ 2.93GHz [2 core(s) x64]";"0.0.0.0
10.21.1.142";
"HTBVDVTQ1";"";"Dell Inc.";"3YBJ8R1";"Laptop";"Latitude E5420";"Microsoft Windows 7 Professional";"239";"2016-09-16 15:20";"Intel(R) Core(TM) i5-2520M CPU @ 2.50GHz [2 core(s) x64]";"0.0.0.0
0.0.0.0
10.21.1.252";
"HTFDFY7BS";"";"Dell Inc.";"FDFY7BS";"Laptop";"Latitude E5410";"Microsoft Windows 7 Professional";"212";"2016-09-16 15:20";"Intel(R) Core(TM) i3 CPU M 370 @ 2.40GHz [2 core(s) x64]";"10.21.1.165
0.0.0.0
0.0.0.0
0.0.0.0";
"HT484VWQ1";"";"Dell Inc.";"484VWQ1";"Desktop";"OptiPlex 380";"Microsoft Windows 7 Professional";"241";"2016-09-16 15:20";"Intel(R) Core(TM)2 Duo CPU E7500 @ 2.93GHz [2 core(s) x64]";"10.19.1.80";
"HT20LXLV1";"";"Dell Inc.";"20LXLV1";"Portable";"Vostro 3460";"Microsoft Windows 7 Professional";"216";"2017-05-15 10:40";"Intel(R) Core(TM) i5-3210M CPU @ 2.50GHz [2 core(s) x64]";"0.0.0.0
0.0.0.0
0.0.0.0
10.21.1.56
0.0.0.0";
"HTCP13WQ1";"";"Dell Inc.";"CP13WQ1";"Tower";"Precision WorkStation T5500";"Microsoft Windows 7 Professional";"247";"2017-04-27 15:35";"Intel(R) Xeon(R) CPU E5606 @ 2.13GHz [4 core(s) x64]";"10.19.1.200";
"HTJ4N77BS";"";"Dell Inc.";"7GQH6Q1";"Laptop";"Latitude E5410";"Microsoft Windows 7 Professional";"218";"2016-09-16 15:20";"Intel(R) Core(TM) i5 CPU M 580 @ 2.67GHz [2 core(s) x64]";"10.21.1.157
0.0.0.0
0.0.0.0";
"HTB4JN5BS";"";"Dell Inc.";"B4JN5BS";"Desktop";"OptiPlex 380";"Microsoft Windows 7 Professional";"249";"2016-09-16 15:20";"Intel(R) Core(TM)2 Duo CPU E7500 @ 2.93GHz [2 core(s) x64]";"10.19.1.162";
"HTHDFY7BS";"";"Dell Inc.";"HDFY7BS";"Laptop";"Latitude E5410";"Microsoft Windows 7 Professional";"220";"2016-09-16 15:20";"Intel(R) Core(TM) i3 CPU M 370 @ 2.40GHz [2 core(s) x64]";"0.0.0.0
0.0.0.0
10.21.1.174";
"HTFDZHVQ1";"";"Dell Inc.";"FDZHVQ1";"Tower";"Precision WorkStation T5500";"Microsoft Windows 7 Professional";"251";"2016-09-16 15:20";"Intel(R) Xeon(R) CPU E5606 @ 2.13GHz [4 core(s) x64]";"10.19.1.165";
"HT70R4CQ1";"";"Dell Inc.";"70R4CQ1";"Desktop";"OptiPlex 380";"Microsoft Windows 7 Professional";"222";"2016-09-16 15:20";"Intel(R) Core(TM)2 Duo CPU E7500 @ 2.93GHz [2 core(s) x64]";"10.21.1.183";
"HTSGH7380LPY";"";"Hewlett-Packard";"SGH7380LPY";"Mini Tower";"HP xw6400 Workstation";"Microsoft Windows 7 Professional";"253";"2016-09-16 15:20";"Intel(R) Xeon(R) CPU 5130 @ 2.00GHz [2 core(s) x64]";"10.17.1.164";
"HT55B36BS";"";"Dell Inc.";"55B36BS";"Desktop";"OptiPlex 380";"Microsoft Windows 7 Professional";"224";"2016-09-16 15:20";"Intel(R) Core(TM)2 Duo CPU E7500 @ 2.93GHz [2 core(s) x64]";"10.21.1.190";
"HTJ1BLQ12";"";"Dell Inc.";"J1BLQ12";"Tower";"Precision T3610";"Microsoft Windows 7 Professional";"255";"2016-09-16 15:20";"Intel(R) Xeon(R) CPU E5-1603 0 @ 2.80GHz [4 core(s) x64]";"10.19.1.170";
"HTD4FC8BS";"";"Dell Inc.";"D4FC8BS";"Desktop";"OptiPlex 380";"Microsoft Windows 7 Professional";"226";"2017-02-22 13:05";"Intel(R) Core(TM)2 Duo CPU E7500 @ 2.93GHz [2 core(s) x64]";"10.21.1.211";
"HTG1BLQ12";"";"Dell Inc.";"G1BLQ12";"Tower";"Precision T3610";"Microsoft Windows 7 Professional";"257";"2016-09-16 15:20";"Intel(R) Xeon(R) CPU E5-1603 0 @ 2.80GHz [4 core(s) x64]";"10.19.1.172";
"HT1YV1CQ1";"";"Dell Inc.";"1YV1CQ1";"Desktop";"OptiPlex 380";"Microsoft Windows 7 Professional";"230";"2017-08-30 18:50";"Intel(R) Core(TM)2 Duo CPU E7500 @ 2.93GHz [2 core(s) x64]";"10.21.1.217";
"HTDY0HVQ1";"";"Dell Inc.";"DY0HVQ1";"Tower";"Precision WorkStation T5500";"Microsoft Windows 7 Professional";"259";"2016-09-16 15:20";"Intel(R) Xeon(R) CPU E5606 @ 2.13GHz [4 core(s) x64]";"10.19.1.177";
"HTF9CK5BS";"";"Dell Inc.";"F9CK5BS";"Desktop";"OptiPlex 380";"Microsoft Windows 7 Professional";"232";"2016-09-16 15:20";"Intel(R) Core(TM)2 Duo CPU E7500 @ 2.93GHz [2 core(s) x64]";"0.0.0.0
10.21.1.216";
"HT7BCK5BS";"";"Dell Inc.";"7BCK5BS";"Desktop";"OptiPlex 380";"Microsoft Windows 7 Professional";"261";"2016-09-16 15:20";"Intel(R) Core(TM)2 Duo CPU E7500 @ 2.93GHz [2 core(s) x64]";"10.19.1.178";
"HT7GPH6Q1";"";"Dell Inc.";"7GPH6Q1";"Laptop";"Latitude E5410";"Microsoft Windows 7 Professional";"528";"2018-03-07 16:20";"Intel(R) Core(TM) i5 CPU M 580 @ 2.67GHz [2 core(s) x64]";"0.0.0.0
10.21.1.21";
"HTJ9XK6Q1";"";"Dell Inc.";"J9XK6Q1";"Tower";"Precision WorkStation T5500";"Microsoft Windows 7 Professional";"263";"2016-09-16 15:20";"Intel(R) Xeon(R) CPU E5606 @ 2.13GHz [4 core(s) x64]";"10.19.1.183";
"HT9NXR7BS";"";"Dell Inc.";"9NXR7BS";"Desktop";"OptiPlex 380";"Microsoft Windows 7 Professional";"236";"2016-09-16 15:20";"Intel(R) Core(TM)2 Duo CPU E7500 @ 2.93GHz [2 core(s) x64]";"10.20.1.205";
"HT484PWQ1";"";"Dell Inc.";"484PWQ1";"Desktop";"OptiPlex 380";"Microsoft Windows 7 Professional";"265";"2016-09-16 15:20";"Intel(R) Core(TM)2 Duo CPU E7500 @ 2.93GHz [2 core(s) x64]";"10.19.1.185";
"HTF3S5VQ1";"";"Dell Inc.";"F3S5VQ1";"Tower";"Precision WorkStation T3500";"Microsoft Windows 7 Professional";"267";"2016-09-16 15:20";"Intel(R) Xeon(R) CPU W3530 @ 2.80GHz [4 core(s) x64]";"10.19.1.187";
"HTC7S5VQ1";"";"Dell Inc.";"C7S5VQ1";"Tower";"Precision WorkStation T3500";"Microsoft Windows 7 Professional";"240";"2016-09-16 15:20";"Intel(R) Xeon(R) CPU W3530 @ 2.80GHz [4 core(s) x64]";"10.19.1.79";
"HT2JRH8BS";"";"Dell Inc.";"2JRH8BS";"Tower";"Precision WorkStation T3500";"Microsoft Windows 7 Professional";"269";"2016-09-16 15:20";"Intel(R) Xeon(R) CPU W3530 @ 2.80GHz [4 core(s) x64]";"10.19.1.189";
"HTSGH535077X";"";"Hewlett-Packard";"SGH535077X";"Mini Tower";"hp workstation xw6200";"Microsoft Windows 7 Professional";"242";"2016-09-16 15:20";"Intel(R) Xeon(TM) CPU 3.20GHz [1 core(s) x64]";"10.19.1.93";
"HT484SWQ1";"";"Dell Inc.";"484SWQ1";"Desktop";"OptiPlex 380";"Microsoft Windows 7 Professional";"271";"2016-09-16 15:20";"Intel(R) Core(TM)2 Duo CPU E7500 @ 2.93GHz [2 core(s) x64]";"10.19.1.196";
"HTJGT84BS";"";"Dell Inc.";"JGT84BS";"Desktop";"OptiPlex 360";"Microsoft Windows 7 Professional";"244";"2016-09-16 15:20";"Intel(R) Core(TM)2 Duo CPU E7500 @ 2.93GHz [2 core(s) x64]";"10.19.1.99";
"HT7HFVTQ1";"";"Dell Inc.";"7HFVTQ1";"Tower";"Precision WorkStation T5500";"Microsoft Windows 7 Professional";"273";"2016-09-16 15:20";"Intel(R) Xeon(R) CPU E5606 @ 2.13GHz [4 core(s) x64]";"10.19.1.197";
"HT64JN5BS";"";"Dell Inc.";"64JN5BS";"Desktop";"OptiPlex 380";"Microsoft Windows 7 Professional";"246";"2016-09-16 15:20";"Intel(R) Core(TM)2 Duo CPU E7500 @ 2.93GHz [2 core(s) x64]";"10.19.1.134";
"HT484PVQ1";"";"Dell Inc.";"484PVQ1";"Desktop";"OptiPlex 380";"Microsoft Windows 7 Professional";"275";"2016-09-16 15:20";"Intel(R) Core(TM)2 Duo CPU E7500 @ 2.93GHz [2 core(s) x64]";"10.19.1.200";
"HTJYFQ4BS";"";"Dell Inc.";"JYFQ4BS";"Desktop";"OptiPlex 360";"Microsoft Windows 7 Professional";"248";"2017-07-05 12:10";"Intel(R) Core(TM)2 Duo CPU E7500 @ 2.93GHz [2 core(s) x64]";"10.19.1.157";
"HT70P2CQ1";"";"Dell Inc.";"70P2CQ1";"Desktop";"OptiPlex 380";"Microsoft Windows 7 Professional";"277";"2016-09-16 15:20";"Intel(R) Core(TM)2 Duo CPU E7500 @ 2.93GHz [2 core(s) x64]";"10.19.1.205";
"HTGFT84BS";"";"Dell Inc.";"GFT84BS";"Desktop";"OptiPlex 360";"Microsoft Windows 7 Professional";"250";"2016-09-16 15:20";"Intel(R) Core(TM)2 Duo CPU E7500 @ 2.93GHz [2 core(s) x64]";"10.19.1.163";
"HTJN7S4P1";"";"Dell Inc.";"JN7S4P1";"Tower";"Precision WorkStation T5500";"Microsoft Windows 7 Professional";"279";"2016-09-16 15:20";"Intel(R) Xeon(R) CPU E5606 @ 2.13GHz [4 core(s) x64]";"10.19.1.209";
"HTC4JN5BS";"";"Dell Inc.";"C4JN5BS";"Desktop";"OptiPlex 380";"Microsoft Windows 7 Professional";"252";"2016-09-16 15:20";"Intel(R) Core(TM)2 Duo CPU E7500 @ 2.93GHz [2 core(s) x64]";"10.19.1.166";
"HTB9R75BS";"";"Dell Inc.";"B9R75BS";"Desktop";"OptiPlex 380";"Microsoft Windows 7 Professional";"281";"2016-09-16 15:20";"Intel(R) Core(TM)2 Duo CPU E7500 @ 2.93GHz [2 core(s) x64]";"10.19.1.219";
"HT5P22WQ1";"";"Dell Inc.";"5P22WQ1";"Tower";"Precision WorkStation T5500";"Microsoft Windows 7 Professional";"254";"2016-09-16 15:20";"Intel(R) Xeon(R) CPU E5606 @ 2.13GHz [4 core(s) x64]";"10.19.1.168";
"HT8KFVTQ1";"";"Dell Inc.";"8KFVTQ1";"Tower";"Precision WorkStation T5500";"Microsoft Windows 7 Professional";"283";"2016-09-16 15:20";"Intel(R) Xeon(R) CPU E5606 @ 2.13GHz [4 core(s) x64]";"0.0.0.0
10.17.1.220";
"HT6YOHVQ1";"";"Dell Inc.";"6Y0HVQ1";"Tower";"Precision WorkStation T5500";"Microsoft Windows 7 Professional";"256";"2016-09-16 15:20";"Intel(R) Xeon(R) CPU E5606 @ 2.13GHz [4 core(s) x64]";"0.0.0.0
10.19.1.171";
"HTJ9XXBQ1";"";"Dell Inc.";"J9XXBQ1";"Tower";"Precision WorkStation T5500";"Microsoft Windows 7 Professional";"285";"2017-04-04 11:50";"Intel(R) Xeon(R) CPU E5606 @ 2.13GHz [4 core(s) x64]";"10.19.1.222";
"HT2T8LQ12";"";"Dell Inc.";"2T8LQ12";"Tower";"Precision T5610";"Microsoft Windows 7 Professional";"258";"2016-09-16 15:20";"Intel(R) Xeon(R) CPU E5-2687W v2 @ 3.40GHz [8 core(s) x64]";"10.19.1.173";
"HT484VTQ1";"";"Dell Inc.";"484VTQ1";"Desktop";"OptiPlex 380";"Microsoft Windows 7 Professional";"287";"2016-09-16 15:20";"Intel(R) Core(TM)2 Duo CPU E7500 @ 2.93GHz [2 core(s) x64]";"10.18.1.35";
"HT5ZWF6BS";"";"Dell Inc.";"5ZWF6BS";"Tower";"Precision WorkStation T3500";"Microsoft Windows 7 Professional";"260";"2016-09-16 15:20";"Intel(R) Xeon(R) CPU W3530 @ 2.80GHz [4 core(s) x64]";"10.19.1.176";
"HT70K3CQ1";"";"Dell Inc.";"70K3CQ1";"Desktop";"OptiPlex 380";"Microsoft Windows 7 Professional";"289";"2016-09-16 15:20";"Intel(R) Core(TM)2 Duo CPU E7500 @ 2.93GHz [2 core(s) x64]";"10.18.1.92";
"HTJN7QPQ1";"";"Dell Inc.";"JN7QPQ1";"Tower";"Precision WorkStation T5500";"Microsoft Windows 7 Professional";"262";"2016-09-16 15:20";"Intel(R) Xeon(R) CPU E5606 @ 2.13GHz [4 core(s) x64]";"10.19.1.181";
"HT7VFVTQ1";"";"Dell Inc.";"7VFVTQ1";"Tower";"Precision WorkStation T5500";"Microsoft Windows 7 Professional";"264";"2016-09-16 15:20";"Intel(R) Xeon(R) CPU E5606 @ 2.13GHz [4 core(s) x64]";"10.17.1.185";
"HT70MYBQ1";"";"Dell Inc.";"70MYBQ1";"Desktop";"OptiPlex 380";"Microsoft Windows 7 Professional";"266";"2017-07-07 14:00";"Intel(R) Core(TM)2 Duo CPU E7500 @ 2.93GHz [2 core(s) x64]";"10.19.1.186";
"HT7NXR7BS";"";"Dell Inc.";"7NXR7BS";"Desktop";"OptiPlex 380";"Microsoft Windows 7 Professional";"268";"2018-03-13 13:30";"Intel(R) Core(TM)2 Duo CPU E7500 @ 2.93GHz [2 core(s) x64]";"10.19.1.188";
"HT8NXR7BS";"";"Dell Inc.";"8NXR7BS";"Desktop";"OptiPlex 380";"Microsoft Windows 7 Professional";"270";"2016-09-16 15:20";"Intel(R) Core(TM)2 Duo CPU E7500 @ 2.93GHz [2 core(s) x64]";"10.19.1.192";
"HT6DLLVQ1";"";"Dell Inc.";"6DLLVQ1";"Desktop";"OptiPlex 380";"Microsoft Windows 7 Professional";"272";"2016-09-16 15:20";"Intel(R) Core(TM)2 Duo CPU E7500 @ 2.93GHz [2 core(s) x64]";"10.19.1.194";
"HT70V1CQ1";"";"Dell Inc.";"70V1CQ1";"Desktop";"OptiPlex 380";"Microsoft Windows 7 Professional";"274";"2017-02-22 14:05";"Intel(R) Core(TM)2 Duo CPU E7500 @ 2.93GHz [2 core(s) x64]";"10.19.1.199";
"HT3H4X6BS";"";"Dell Inc.";"3H4X6BS";"Desktop";"OptiPlex 380";"Microsoft Windows 7 Professional";"276";"2016-09-16 15:20";"Intel(R) Core(TM)2 Duo CPU E7500 @ 2.93GHz [2 core(s) x64]";"10.19.1.204";
"HT70W2CQ1";"";"Dell Inc.";"70W2CQ1";"Desktop";"OptiPlex 380";"Microsoft Windows 7 Professional";"278";"2016-09-16 15:20";"Intel(R) Core(TM)2 Duo CPU E7500 @ 2.93GHz [2 core(s) x64]";"10.19.1.206";
"HTCQFVTQ1";"";"Dell Inc.";"CQFVTQ1";"Tower";"Precision WorkStation T5500";"Microsoft Windows 7 Professional";"280";"2016-09-16 15:20";"Intel(R) Xeon(R) CPU E5606 @ 2.13GHz [4 core(s) x64]";"10.19.1.211";
"HTCJPLVQ1";"";"Dell Inc.";"CJPLVQ1";"Tower";"Precision WorkStation T5500";"Microsoft Windows 7 Professional";"282";"2017-05-03 22:00";"Intel(R) Xeon(R) CPU E5606 @ 2.13GHz [4 core(s) x64]";"10.19.1.218";
"HT9P22WQ1";"";"Dell Inc.";"9P22WQ1";"Tower";"Precision WorkStation T5500";"Microsoft Windows 7 Professional";"284";"2017-04-24 15:10";"Intel(R) Xeon(R) CPU E5606 @ 2.13GHz [4 core(s) x64]";"10.19.1.221";
"HT7OVYBQ1";"";"Dell Inc.";"70VYBQ1";"Desktop";"OptiPlex 380";"Microsoft Windows 7 Professional";"286";"2016-09-16 15:20";"Intel(R) Core(TM)2 Duo CPU E7500 @ 2.93GHz [2 core(s) x64]";"10.19.1.233";
"HT7G7J6Q1";"";"Dell Inc.";"7G7J6Q1";"Laptop";"Latitude E5410";"Microsoft Windows 7 Professional";"317";"2016-09-16 15:20";"Intel(R) Core(TM) i5 CPU M 580 @ 2.67GHz [2 core(s) x64]";"0.0.0.0
0.0.0.0
10.18.1.206";
"HTCT6L7R1";"";"Dell Inc.";"CT6L7R1";"Desktop";"OptiPlex 390";"Microsoft Windows 7 Professional";"288";"2016-09-16 15:20";"Intel(R) Core(TM) i3-2120 CPU @ 3.30GHz [2 core(s) x64]";"10.18.1.39";
"HT6VMNVQ1";"";"Dell Inc.";"6VMNVQ1";"Desktop";"OptiPlex 380";"Microsoft Windows 7 Professional";"290";"2017-05-15 13:10";"Intel(R) Core(TM)2 Duo CPU E7500 @ 2.93GHz [2 core(s) x64]";"10.18.1.103";
"HT3YB78R1";"";"Dell Inc.";"3YB78R1";"Laptop";"Latitude E5420";"Microsoft Windows 7 Professional";"329";"2016-09-16 15:20";"Intel(R) Core(TM) i5-2520M CPU @ 2.50GHz [2 core(s) x64]";"0.0.0.0
0.0.0.0
0.0.0.0
10.21.1.26";
"HT3ZWF6BS";"";"Dell Inc.";"3ZWF6BS";"Tower";"Precision WorkStation T3500";"Microsoft Windows 7 Professional";"333";"2016-09-16 15:20";"Intel(R) Xeon(R) CPU W3530 @ 2.80GHz [4 core(s) x64]";"10.21.1.91";
"HT95N77BS";"";"Dell Inc.";"95N77BS";"Laptop";"Latitude E5410";"Microsoft Windows 7 Professional";"335";"2016-09-16 15:20";"Intel(R) Core(TM) i3 CPU M 370 @ 2.40GHz [2 core(s) x64]";"10.21.1.98
0.0.0.0
0.0.0.0";
"HT94JN5BS";"";"Dell Inc.";"94JN5BS";"Desktop";"OptiPlex 380";"Microsoft Windows 7 Professional";"349";"2017-05-27 13:05";"Intel(R) Core(TM)2 Duo CPU E7500 @ 2.93GHz [2 core(s) x64]";"10.21.1.31";
"HT2L4YYR1";"";"Dell Inc.";"2L4YYR1";"Laptop";"Latitude E4310";"Microsoft Windows 7 Professional";"351";"2016-09-16 15:20";"Intel(R) Core(TM) i5 CPU M 580 @ 2.67GHz [2 core(s) x64]";"0.0.0.0
0.0.0.0
0.0.0.0
10.21.1.209";
"HTWIN7VHD";"";"Microsoft Corporation";"9205-3055-9384-0180-5386-6467-28";"Desktop";"Virtual Machine";"Microsoft Windows 7 Professional";"302";"2016-09-16 15:20";"Intel(R) Xeon(R) CPU E5620 @ 2.40GHz [1 core(s) x64]";"192.168.1.96";
"HTCY6F8R1";"";"Dell Inc.";"CY6F8R1";"Desktop";"OptiPlex 390";"Microsoft Windows 7 Professional";"361";"2016-12-10 10:35";"Intel(R) Core(TM) i3-2120 CPU @ 3.30GHz [2 core(s) x64]";"10.20.1.34";
"HT6JRH8BS";"";"Dell Inc.";"6JRH8BS";"Tower";"Precision WorkStation T3500";"Microsoft Windows 7 Professional";"373";"2017-03-20 12:45";"Intel(R) Xeon(R) CPU W3530 @ 2.80GHz [4 core(s) x64]";"10.20.1.72";
"HTJW6L7R1";"";"Dell Inc.";"JW6L7R1";"Desktop";"OptiPlex 390";"Microsoft Windows 7 Professional";"375";"2016-09-16 15:20";"Intel(R) Core(TM) i3-2120 CPU @ 3.30GHz [2 core(s) x64]";"10.19.1.119
0.0.0.0";
"HTYLNK012511";"";"FUJITSU";"YLNK012511";"Tower";"CELSIUS M730";"Microsoft Windows 7 Professional";"383";"2016-09-16 15:20";"Intel(R) Xeon(R) CPU E5-2609 v2 @ 2.50GHz [4 core(s) x64]";"10.21.1.246";
"HT2L5ZYR1";"";"Dell Inc.";"2L5ZYR1";"Laptop";"Latitude E4310";"Microsoft Windows 7 Professional";"434";"2017-02-08 12:25";"Intel(R) Core(TM) i5 CPU M 580 @ 2.67GHz [2 core(s) x64]";"10.21.1.29
0.0.0.0
0.0.0.0
0.0.0.0";
"HTR8WX2EB";"";"Lenovo";"R8WX2EB";"Notebook";"4236PVQ";"Microsoft Windows 7 Professional";"451";"2017-05-12 10:15";"Intel(R) Core(TM) i5-2430M CPU @ 2.40GHz [2 core(s) x64]";"192.168.2.19
10.21.1.164
0.0.0.0
0.0.0.0";
"HT1YW5CQ1";"";"Dell Inc.";"1YW5CQ1";"Desktop";"OptiPlex 380";"Microsoft Windows 7 Professional";"320";"2016-09-16 15:20";"Intel(R) Core(TM)2 Duo CPU E7500 @ 2.93GHz [2 core(s) x64]";"10.18.1.55
0.0.0.0";
"HT93VN6BS";"";"Dell Inc.";"93VN6BS";"Laptop";"Latitude E5410";"Microsoft Windows 7 Professional";"336";"2016-09-16 15:20";"Intel(R) Core(TM) i3 CPU M 350 @ 2.27GHz [2 core(s) x64]";"0.0.0.0
0.0.0.0
10.21.1.146";
"HTHX0BVQ1";"";"Dell Inc.";"HX0BVQ1";"Laptop";"Latitude E5420";"Microsoft Windows 7 Professional";"344";"2016-09-16 15:20";"Intel(R) Core(TM) i5-2520M CPU @ 2.50GHz [2 core(s) x64]";"10.21.1.13
0.0.0.0
0.0.0.0";
"HT1T9MVQ1";"";"Dell Inc.";"1T9MVQ1";"Laptop";"Latitude E5420";"Microsoft Windows 7 Professional";"362";"2017-05-24 11:50";"Intel(R) Core(TM) i5-2520M CPU @ 2.50GHz [2 core(s) x64]";"10.21.1.176
0.0.0.0
0.0.0.0";
"HT1V576BS";"";"Dell Inc.";"1V576BS";"Laptop";"Latitude E5410";"Microsoft Windows 7 Professional";"386";"2016-09-16 15:20";"Intel(R) Core(TM) i3 CPU M 350 @ 2.27GHz [2 core(s) x64]";"10.21.1.122
0.0.0.0";
"HT4ZKXLV1";"";"Dell Inc.";"4ZKXLV1";"Portable";"Vostro 3460";"Microsoft Windows 7 Professional";"398";"2016-09-16 15:20";"Intel(R) Core(TM) i5-3210M CPU @ 2.50GHz [2 core(s) x64]";"10.21.1.70
0.0.0.0
0.0.0.0
0.0.0.0
0.0.0.0";
"HTHYFQ4BS";"";"Dell Inc.";"HYFQ4BS";"Desktop";"OptiPlex 360";"Microsoft Windows 7 Professional";"400";"2017-05-15 02:25";"Intel(R) Core(TM)2 Duo CPU E7500 @ 2.93GHz [2 core(s) x64]";"10.18.1.194
10.18.1.194";
"HT1T6NVQ1";"";"Dell Inc.";"1T6NVQ1";"Laptop";"Latitude E5420";"Microsoft Windows 7 Professional";"439";"2017-05-16 10:25";"Intel(R) Core(TM) i5-2520M CPU @ 2.50GHz [2 core(s) x64]";"0.0.0.0
0.0.0.0
10.21.1.163
0.0.0.0
0.0.0.0
0.0.0.0";
"HTGDFY7BS";"";"Dell Inc.";"GDFY7BS";"Laptop";"Latitude E5410";"Microsoft Windows 7 Professional";"422";"2016-11-14 14:55";"Intel(R) Core(TM) i3 CPU M 370 @ 2.40GHz [2 core(s) x64]";"0.0.0.0
0.0.0.0
0.0.0.0
192.168.56.1
0.0.0.0";
"HTL7G7J6Q1";"";"Dell Inc.";"7G7J6Q1";"Laptop";"Latitude E5410";"Microsoft Windows 7 Professional";"429";"2017-07-12 09:45";"Intel(R) Core(TM) i5 CPU M 580 @ 2.67GHz [2 core(s) x64]";"10.18.1.206
0.0.0.0";
"HTP-WS-DJPLVQ1";"";"Dell Inc.";"DJPLVQ1";"Tower";"Precision WorkStation T5500";"Microsoft Windows 7 Professional";"525";"2018-02-06 12:05";"Intel(R) Xeon(R) CPU E5606 @ 2.13GHz [4 core(s) x64]";"10.20.1.76
10.132.32.18";
"HTP-WS-6XOHVQ1";"";"Dell Inc.";"6X0HVQ1";"Tower";"Precision WorkStation T5500";"Microsoft Windows 7 Professional";"453";"2018-09-06 18:55";"Intel(R) Xeon(R) CPU E5606 @ 2.13GHz [4 core(s) x64]";"10.20.1.52";
"HTC-L-R8WX2EB";"";"Lenovo";"R8WX2EB";"Notebook";"4236PVQ";"Microsoft Windows 7 Professional";"526";"2018-03-20 15:25";"Intel(R) Core(TM) i5-2430M CPU @ 2.40GHz [2 core(s) x64]";"10.21.1.68
182.168.1.47
0.0.0.0
0.0.0.0";
"HTP-WS-7JFVTQ1";"";"Dell Inc.";"7JFVTQ1";"Tower";"Precision WorkStation T5500";"Microsoft Windows 7 Professional";"455";"2018-01-19 18:00";"Intel(R) Xeon(R) CPU E5606 @ 2.13GHz [4 core(s) x64]";"10.20.1.69";
"HTC-L-20LXLV1";"";"Dell Inc.";"20LXLV1";"Portable";"Vostro 3460";"Microsoft Windows 7 Professional";"456";"2017-05-15 12:10";"Intel(R) Core(TM) i5-3210M CPU @ 2.50GHz [2 core(s) x64]";"10.21.1.56
0.0.0.0
0.0.0.0
0.0.0.0
0.0.0.0";
"HTP-WS-BFRNVQ1";"";"Dell Inc.";"BFRNVQ1";"Tower";"Precision WorkStation T5500";"Microsoft Windows 7 Professional";"458";"2018-09-07 11:00";"Intel(R) Xeon(R) CPU E5606 @ 2.13GHz [4 core(s) x64]";"10.22.1.87";
"HTC-D-70V1CQ1";"";"Dell Inc.";"70V1CQ1";"Desktop";"OptiPlex 380";"Microsoft Windows 7 Professional";"459";"2017-05-16 07:55";"Intel(R) Core(TM)2 Duo CPU E7500 @ 2.93GHz [2 core(s) x64]";"10.19.1.199";
"HTC-L-HT576BS";"";"Dell Inc.";"HT576BS";"Laptop";"Latitude E5410";"Microsoft Windows 7 Professional";"460";"2017-05-16 12:45";"Intel(R) Core(TM) i3 CPU M 350 @ 2.27GHz [2 core(s) x64]";"10.21.1.57
0.0.0.0
0.0.0.0";
"HTP-WS-F1S5VQ1";"";"Dell Inc.";"F1S5VQ1";"Tower";"Precision WorkStation T3500";"Microsoft Windows 7 Professional";"461";"2018-09-06 17:38";"Intel(R) Xeon(R) CPU W3530 @ 2.80GHz [4 core(s) x64]";"10.20.1.71";
"HTP-WS-DG2FVQ1";"";"Dell Inc.";"DG2FVQ1";"Tower";"Precision WorkStation T5500";"Microsoft Windows 7 Professional";"462";"2017-08-14 14:55";"Intel(R) Xeon(R) CPU E5606 @ 2.13GHz [4 core(s) x64]";"10.20.1.64";
"HTC-D-99R75BS";"";"Dell Inc.";"99R75BS";"Desktop";"OptiPlex 380";"Microsoft Windows 7 Professional";"464";"2017-09-30 15:15";"Intel(R) Core(TM)2 Duo CPU E7500 @ 2.93GHz [2 core(s) x64]";"10.18.1.191";
"HTC-D-R8W2EB";"";"Lenovo";"R8PY74B";"Notebook";"41786EQ";"Microsoft Windows 7 Professional";"465";"2017-10-12 14:30";"Intel(R) Core(TM) i5-2410M CPU @ 2.30GHz [2 core(s) x64]";"0.0.0.0
0.0.0.0
10.21.1.65";
"HTP-D-CY6F8R1";"";"Dell Inc.";"CY6F8R1";"Desktop";"OptiPlex 390";"Microsoft Windows 7 Professional";"466";"2017-05-17 10:50";"Intel(R) Core(TM) i3-2120 CPU @ 3.30GHz [2 core(s) x64]";"10.20.1.34";
"HTC-D-D4FC8BS";"";"Dell Inc.";"D4FC8BS";"Desktop";"OptiPlex 380";"Microsoft Windows 7 Professional";"467";"2018-09-07 10:45";"Intel(R) Core(TM)2 Duo CPU E7500 @ 2.93GHz [2 core(s) x64]";"10.21.1.211";
"HTC-WS-CJPLVQ1";"";"Dell Inc.";"CJPLVQ1";"Tower";"Precision WorkStation T5500";"Microsoft Windows 7 Professional";"468";"2018-09-15 07:30";"Intel(R) Xeon(R) CPU E5606 @ 2.13GHz [4 core(s) x64]";"10.19.1.218";
"HTC-WS-80S5VQ1";"";"Dell Inc.";"80S5VQ1";"Tower";"Precision WorkStation T3500";"Microsoft Windows 7 Professional";"469";"2018-09-07 09:55";"Intel(R) Xeon(R) CPU W3530 @ 2.80GHz [4 core(s) x64]";"10.19.1.208";
"HTC-WS-JN81CQ1";"";"Dell Inc.";"JN81CQ1";"Tower";"Precision WorkStation T5500";"Microsoft Windows 7 Professional";"470";"2017-05-18 01:40";"Intel(R) Xeon(R) CPU E5606 @ 2.13GHz [4 core(s) x64]";"0.0.0.0
10.19.1.114";
"HTC-L-1T6NVQ1";"";"Dell Inc.";"1T6NVQ1";"Laptop";"Latitude E5420";"Microsoft Windows 7 Professional";"483";"2017-07-14 09:35";"Intel(R) Core(TM) i5-2520M CPU @ 2.50GHz [2 core(s) x64]";"10.21.1.163
0.0.0.0
0.0.0.0
0.0.0.0";
"HTP-WS-8TFVTQ1";"";"Dell Inc.";"8TFVTQ1";"Tower";"Precision WorkStation T5500";"Microsoft Windows 7 Professional";"472";"2017-05-19 16:20";"Intel(R) Xeon(R) CPU E5606 @ 2.13GHz [4 core(s) x64]";"10.20.1.152";
"HTC-D-70R2CQ1";"";"Dell Inc.";"70R2CQ1";"Desktop";"OptiPlex 380";"Microsoft Windows 7 Professional";"473";"2017-05-24 07:00";"Intel(R) Core(TM)2 Duo CPU E7500 @ 2.93GHz [2 core(s) x64]";"10.19.1.121";
"HTC-D-BR7L7R1";"";"Dell Inc.";"BR7L7R1";"Desktop";"OptiPlex 390";"Microsoft Windows 7 Professional";"474";"2017-08-09 17:05";"Intel(R) Core(TM) i3-2120 CPU @ 3.30GHz [2 core(s) x64]";"10.21.1.51";
"HTP-WS-6JRH8BS";"";"Dell Inc.";"6JRH8BS";"Tower";"Precision WorkStation T3500";"Microsoft Windows 7 Professional";"531";"2018-09-07 13:35";"Intel(R) Xeon(R) CPU W3530 @ 2.80GHz [4 core(s) x64]";"10.20.1.40";
"HTC-D-D9CK5BS";"";"Dell Inc.";"D9CK5BS";"Desktop";"OptiPlex 380";"Microsoft Windows 7 Professional";"479";"2017-08-06 15:35";"Intel(R) Core(TM)2 Duo CPU E7500 @ 2.93GHz [2 core(s) x64]";"10.18.1.116";
"HTC-D-HYFQ4BS";"";"Dell Inc.";"HYFQ4BS";"Desktop";"OptiPlex 360";"Microsoft Windows 7 Professional";"484";"2018-03-06 18:15";"Intel(R) Core(TM)2 Duo CPU E7500 @ 2.93GHz [2 core(s) x64]";"10.19.1.175";
"HTC-L-95N77BS";"";"Dell Inc.";"95N77BS";"Laptop";"Latitude E5410";"Microsoft Windows 7 Professional";"527";"2018-03-06 13:10";"Intel(R) Core(TM) i3 CPU M 370 @ 2.40GHz [2 core(s) x64]";"10.21.1.98
0.0.0.0
0.0.0.0";
"HTC-D-94JN5BS";"";"Dell Inc.";"94JN5BS";"Desktop";"OptiPlex 380";"Microsoft Windows 7 Professional";"488";"2017-07-28 14:20";"Intel(R) Core(TM)2 Duo CPU E7500 @ 2.93GHz [2 core(s) x64]";"10.21.1.233";
"HTC-D-6VMNVQ1";"";"Dell Inc.";"6VMNVQ1";"Desktop";"OptiPlex 380";"Microsoft Windows 7 Professional";"490";"2018-03-17 11:25";"Intel(R) Core(TM)2 Duo CPU E7500 @ 2.93GHz [2 core(s) x64]";"10.19.1.224";
"HTC-D-70MYBQ1";"";"Dell Inc.";"70MYBQ1";"Desktop";"OptiPlex 380";"Microsoft Windows 7 Professional";"491";"2018-03-16 10:05";"Intel(R) Core(TM)2 Duo CPU E7500 @ 2.93GHz [2 core(s) x64]";"10.19.1.51";
"HTC-D-5NXR7BS";"";"Dell Inc.";"5NXR7BS";"Desktop";"OptiPlex 380";"Microsoft Windows 7 Professional";"494";"2017-08-12 17:35";"Intel(R) Core(TM)2 Duo CPU E7500 @ 2.93GHz [2 core(s) x64]";"10.19.1.123";
"HTC-D-JYFQ4BS";"";"Dell Inc.";"JYFQ4BS";"Desktop";"OptiPlex 360";"Microsoft Windows 7 Professional";"499";"2017-09-11 15:35";"Intel(R) Core(TM)2 Duo CPU E7500 @ 2.93GHz [2 core(s) x64]";"10.17.1.164";
"HTC-D-2TXJ4BS";"";"Dell Inc.";"2TXJ4BS";"Desktop";"OptiPlex 360";"Microsoft Windows 7 Professional";"497";"2017-08-22 12:30";"Intel(R) Core(TM)2 Duo CPU E7500 @ 2.93GHz [2 core(s) x64]";"10.18.1.113";
"HTC-D-1YV1CQ1";"";"Dell Inc.";"1YV1CQ1";"Desktop";"OptiPlex 380";"Microsoft Windows 7 Professional";"503";"2017-09-18 12:45";"Intel(R) Core(TM)2 Duo CPU E7500 @ 2.93GHz [2 core(s) x64]";"10.21.1.236";
"HTC-L-20LXLV1";"";"Dell Inc.";"8ZKXLV1";"Portable";"Vostro 3460";"Microsoft Windows 7 Professional";"506";"2017-10-04 19:25";"Intel(R) Core(TM) i5-3210M CPU @ 2.50GHz [2 core(s) x64]";"0.0.0.0
0.0.0.0
10.10.1.152
0.0.0.0";
"HTC-L-R8NE0P3";"";"Lenovo";"R8NE0P3";"Notebook";"41786EQ";"Microsoft Windows 7 Professional";"529";"2018-09-06 19:40";"Intel(R) Core(TM) i5-2410M CPU @ 2.30GHz [2 core(s) x64]";"0.0.0.0
10.21.1.63";
"HTC-D-7NXR7BS";"";"Dell Inc.";"7NXR7BS";"Desktop";"OptiPlex 380";"Microsoft Windows 7 Professional";"530";"2018-09-22 09:45";"Intel(R) Core(TM)2 Duo CPU E7500 @ 2.93GHz [2 core(s) x64]";"10.17.1.187";
"HTC-D-9RMNVQ1";"";"Dell Inc.";"9RMNVQ1";"Desktop";"OptiPlex 380";"Microsoft Windows 7 Professional";"532";"2018-09-10 09:35";"Intel(R) Core(TM)2 Duo CPU E7500 @ 2.93GHz [2 core(s) x64]";"10.21.1.64";
"HTCND3371LMC";"";"Hewlett-Packard";"CND3371LMC";"Notebook";"HP ZBook 17";"Microsoft Windows 7 Enterprise";"192";"2016-09-16 15:20";"Intel(R) Core(TM) i7-4700MQ CPU @ 2.40GHz [4 core(s) x64]";"0.0.0.0
172.30.70.66
0.0.0.0";
"HTPG78511";"";"Lenovo";"PG78511";"Notebook";"2349O92";"Microsoft Windows 10 Pro";"390";"2016-09-16 15:20";"Intel(R) Core(TM) i5-3230M CPU @ 2.60GHz [2 core(s) x64]";"0.0.0.0
0.0.0.0
10.10.1.124";
"HTGYKXLV1";"";"Dell Inc.";"GYKXLV1";"Portable";"Vostro 3460";"Microsoft Windows 10 Pro";"58";"2016-09-16 15:20";"Intel(R) Core(TM) i5-3210M CPU @ 2.50GHz [2 core(s) x64]";"0.0.0.0
0.0.0.0
10.10.1.40";
